{
  "config": {
    "languages": [
      "pl",
      "en"
    ],
    "data_type": "phonemes",
    "embedding_dim": 100,
    "window_size": 53,
    "epochs": 10,
    "batch_size": 128,
    "learning_rate": 0.001
  },
  "losses": [
    3.0799985836485217,
    2.9469908872851303,
    2.9296439781687313,
    2.918619130266449,
    2.909609235934705,
    2.901687860325575,
    2.8947386353645133,
    2.8816508064882225,
    2.862523208894962,
    2.8387534280546096
  ],
  "val_losses": [
    2.965529025722073,
    2.9409492987450387,
    2.923373082214762,
    2.8944005719546615,
    2.9043444451119833,
    2.913747888560579,
    2.892589560123073,
    2.870417972904014,
    2.8568335513709853,
    2.8298765220985893
  ],
  "vocab_size": 202,
  "training_samples": 1307960,
  "validation_samples": 163220,
  "test_samples": 163102
}