{
  "timestamp": "20251205_111148",
  "config": {
    "languages": [
      "fi",
      "pt",
      "pl",
      "es",
      "en",
      "fr",
      "it",
      "nl",
      "sv",
      "da",
      "no",
      "ga",
      "eo",
      "eu",
      "mt",
      "sl",
      "sk",
      "cy",
      "gd",
      "br",
      "lt",
      "lv",
      "tr",
      "az",
      "uz",
      "tk",
      "sw",
      "zu",
      "yo",
      "ha",
      "ny",
      "ru",
      "uk"
    ],
    "data_type": "words",
    "embedding_dim": 500,
    "window_size": 51,
    "epochs": 100,
    "batch_size": 65536,
    "learning_rate": 0.001
  },
  "metrics": {
    "losses": [
      4.6043969281514485,
      3.1401821772257485,
      3.029854564666748,
      2.945532477696737,
      2.9068907753626507,
      2.890799347559611,
      2.8834334484736126,
      2.8705846166610716,
      2.862940413157145,
      2.8609264516830444,
      2.8557998736699424,
      2.8493161010742187,
      2.8465803050994873,
      2.845418267250061
    ],
    "val_losses": [
      3.223333998730308,
      3.0845126980229427,
      2.983840114191959,
      2.931761252252679,
      2.897688727629812,
      2.9007504111842106,
      2.8905281518634998,
      2.878133121289705,
      2.87376144057826,
      2.8872298064984774,
      2.862199908808658,
      2.8720692584389136,
      2.8672289220910323,
      2.8806504952280143
    ]
  },
  "dataset_info": {
    "vocab_size": 359,
    "training_samples": 9766461,
    "validation_samples": 1221065,
    "test_samples": 1220165
  }
}