{
  "timestamp": "20251226_004508",
  "config": {
    "languages": [
      "fi",
      "pt",
      "pl",
      "es",
      "en",
      "fr",
      "it",
      "nl",
      "sv",
      "da",
      "no",
      "ga",
      "eo",
      "eu",
      "mt",
      "sl",
      "sk",
      "cy",
      "gd",
      "br",
      "lt",
      "lv",
      "tr",
      "az",
      "uz",
      "tk",
      "sw",
      "zu",
      "yo",
      "ha",
      "ny",
      "ru",
      "uk"
    ],
    "data_type": "phonemes",
    "embedding_dim": 500,
    "window_size": 53,
    "epochs": 30,
    "batch_size": 65536,
    "learning_rate": 0.001
  },
  "metrics": {
    "losses": [
      5.087029371463077,
      3.7434214437511604,
      3.58496479920938,
      3.4522494027312374,
      3.3488783383033645,
      3.268397586446413,
      3.2265771022984677,
      3.1927185595875054,
      3.1788724963094146,
      3.1496449473878028,
      3.1354540116350416,
      3.189203833190488,
      3.096461772918701,
      3.0937369507803045,
      3.0868756603187237,
      3.082568304639467,
      3.0682337082607645,
      3.0596441550993583,
      3.061553918140035,
      3.048368170227803,
      3.0460514837587382,
      3.040163218135565,
      3.031262715097884,
      3.0302878618240356,
      3.0263995049704966,
      3.037426102329308
    ],
    "val_losses": [
      3.8416196637683444,
      3.659488214386834,
      3.5108355548646717,
      3.371964308950636,
      3.2960227330525718,
      3.2546132538053723,
      3.203378743595547,
      3.2387427488962808,
      3.149971352683173,
      3.1383445262908936,
      3.1634000142415366,
      3.1086597310172186,
      3.091697851816813,
      3.0968869394726224,
      3.084698518117269,
      3.0911655690934925,
      3.0552803013059826,
      3.0860630141364203,
      3.0479521221584744,
      3.0388563209109836,
      3.0771847433514066,
      3.0438173744413586,
      3.021910654173957,
      3.038946919971042,
      3.044087290763855,
      3.0213293631871543
    ]
  },
  "dataset_info": {
    "vocab_size": 901,
    "training_samples": 9298853,
    "validation_samples": 1162573,
    "test_samples": 1162151
  }
}