{
  "timestamp": "20251205_110109",
  "config": {
    "languages": [
      "fi",
      "pt",
      "pl",
      "es",
      "en",
      "fr",
      "it",
      "nl",
      "sv",
      "da",
      "no",
      "ga",
      "eo",
      "eu",
      "mt",
      "sl",
      "sk",
      "cy",
      "gd",
      "br",
      "lt",
      "lv",
      "tr",
      "az",
      "uz",
      "tk",
      "sw",
      "zu",
      "yo",
      "ha",
      "ny",
      "ru",
      "uk"
    ],
    "data_type": "phonemes",
    "embedding_dim": 500,
    "window_size": 53,
    "epochs": 100,
    "batch_size": 65536,
    "learning_rate": 0.001
  },
  "metrics": {
    "losses": [
      5.378517231471102,
      3.7651400297460422,
      3.6211962145818792,
      3.472792860487817,
      3.3620818920538458,
      3.3139963217184576,
      3.285708852217231,
      3.2624276238428034,
      3.249025865339897,
      3.235844246098693,
      3.223644479899339,
      3.2187238931655884,
      3.210969567298889,
      3.206976400294774,
      3.2010860375955072,
      3.1956519795135714,
      3.1914680709301586,
      3.188922811561907,
      3.186098182705087,
      3.18277546721445,
      3.1810786304339556,
      3.179396353976827,
      3.175565326717538,
      3.1751337958053805
    ],
    "val_losses": [
      3.861170119709439,
      3.6897349887424045,
      3.5429567760891385,
      3.3983130057652793,
      3.3308814101748996,
      3.299582415156894,
      3.269789629512363,
      3.25133740901947,
      3.246444582939148,
      3.226733260684543,
      3.2201128005981445,
      3.2145481639438205,
      3.2068827284706964,
      3.2089972363577948,
      3.1989506085713706,
      3.1915164391199746,
      3.1898396809895835,
      3.1997352176242404,
      3.180950257513258,
      3.1787563032574124,
      3.1761145459281073,
      3.182139264212714,
      3.183660003874037,
      3.181825942463345
    ]
  },
  "dataset_info": {
    "vocab_size": 901,
    "training_samples": 9298853,
    "validation_samples": 1162573,
    "test_samples": 1162151
  }
}